{"cameraMode":{"drawMode":0,"name":"Shaded","section":"Shading Mode"},"sceneLighting":true,"audioPlay":false,"sceneViewState":{"showFog":true,"showMaterialUpdate":false,"showSkybox":true,"showFlares":true,"showImageEffects":true,"showParticleSystems":true,"showVisualEffectGraphs":true,"m_FxEnabled":true},"in2DMode":false,"pivot":{"x":0.33058685064315798,"y":-3.905369281768799,"z":8.349014282226563},"rotation":{"x":0.48634248971939089,"y":0.0026228271890431644,"z":-0.001455467427149415,"w":0.8737704753875732},"size":14.368427276611329,"orthographic":false}