{"cameraMode":{"drawMode":0,"name":"Shaded","section":"Shading Mode"},"sceneLighting":false,"audioPlay":false,"sceneViewState":{"showFog":true,"showMaterialUpdate":false,"showSkybox":false,"showFlares":true,"showImageEffects":true,"showParticleSystems":true,"showVisualEffectGraphs":true,"m_FxEnabled":true},"in2DMode":false,"pivot":{"x":3.820462226867676,"y":-1.5811619758605958,"z":14.842550277709961},"rotation":{"x":-0.048797715455293658,"y":0.9003010392189026,"z":-0.10474258661270142,"w":-0.41967493295669558},"size":10.628983497619629,"orthographic":false}