{"cameraMode":{"drawMode":0,"name":"Shaded","section":"Shading Mode"},"sceneLighting":false,"audioPlay":false,"sceneViewState":{"showFog":true,"showMaterialUpdate":false,"showSkybox":false,"showFlares":true,"showImageEffects":true,"showParticleSystems":true,"showVisualEffectGraphs":true,"m_FxEnabled":true},"in2DMode":false,"pivot":{"x":-0.09456497430801392,"y":1.3657246828079224,"z":-0.21507564187049867},"rotation":{"x":0.011331423185765744,"y":0.9189702868461609,"z":-0.3933062255382538,"w":0.026469504460692407},"size":1.9418095350265504,"orthographic":false}