{"cameraMode":{"drawMode":0,"name":"Shaded","section":"Shading Mode"},"sceneLighting":false,"audioPlay":false,"sceneViewState":{"showFog":true,"showMaterialUpdate":false,"showSkybox":false,"showFlares":true,"showImageEffects":true,"showParticleSystems":true},"in2DMode":false,"pivot":{"x":-7.195077896118164,"y":1.25,"z":1.9900000095367432},"rotation":{"x":0.1895938664674759,"y":-0.8057822585105896,"z":0.34573405981063845,"w":0.44187885522842409},"size":3.9281868934631349,"orthographic":false}