{"cameraMode":{"drawMode":0,"name":"Shaded","section":"Shading Mode"},"sceneLighting":true,"audioPlay":false,"sceneViewState":{"showFog":true,"showMaterialUpdate":false,"showSkybox":true,"showFlares":true,"showImageEffects":true,"showParticleSystems":true,"showVisualEffectGraphs":true,"m_FxEnabled":true},"in2DMode":false,"pivot":{"x":-10.081626892089844,"y":0.07826519012451172,"z":6.808854103088379},"rotation":{"x":0.30496031045913699,"y":0.0028572846204042436,"z":-0.0009147022501565516,"w":0.9523615837097168},"size":9.372353553771973,"orthographic":false}