{"cameraMode":{"drawMode":0,"name":"Shaded","section":"Shading Mode"},"sceneLighting":true,"audioPlay":false,"sceneViewState":{"showFog":true,"showMaterialUpdate":false,"showSkybox":true,"showFlares":true,"showImageEffects":true,"showParticleSystems":true,"showVisualEffectGraphs":true,"m_FxEnabled":true},"in2DMode":false,"pivot":{"x":3.4604387283325197,"y":0.2809629440307617,"z":3.051215171813965},"rotation":{"x":0.35039275884628298,"y":0.0813375934958458,"z":-0.030571632087230684,"w":0.9326022267341614},"size":12.746526718139649,"orthographic":true}