{"cameraMode":{"drawMode":0,"name":"Shaded","section":"Shading Mode"},"sceneLighting":true,"audioPlay":false,"sceneViewState":{"showFog":true,"showMaterialUpdate":false,"showSkybox":true,"showFlares":true,"showImageEffects":true,"showParticleSystems":true,"showVisualEffectGraphs":true,"m_FxEnabled":true},"in2DMode":false,"pivot":{"x":-10.993355751037598,"y":-46.10175323486328,"z":13.284576416015625},"rotation":{"x":0.5173931121826172,"y":-0.015401970595121384,"z":0.009313754737377167,"w":0.8555623888969421},"size":40.79256820678711,"orthographic":false}