{"cameraMode":{"drawMode":0,"name":"Shaded","section":"Shading Mode"},"sceneLighting":true,"audioPlay":false,"sceneViewState":{"showFog":true,"showMaterialUpdate":false,"showSkybox":true,"showFlares":true,"showImageEffects":true,"showParticleSystems":true,"showVisualEffectGraphs":true,"m_FxEnabled":true},"in2DMode":false,"pivot":{"x":689.2084350585938,"y":1266.7415771484375,"z":104.9207763671875},"rotation":{"x":-0.06828492879867554,"y":0.0424814336001873,"z":-0.002908388851210475,"w":-0.9967876076698303},"size":1171.5384521484375,"orthographic":true}