{"cameraMode":{"drawMode":0,"name":"Shaded","section":"Shading Mode"},"sceneLighting":true,"audioPlay":false,"sceneViewState":{"showFog":true,"showMaterialUpdate":false,"showSkybox":true,"showFlares":true,"showImageEffects":true,"showParticleSystems":true,"showVisualEffectGraphs":true,"m_FxEnabled":true},"in2DMode":false,"pivot":{"x":-1.132897973060608,"y":-6.5243659019470219,"z":14.887401580810547},"rotation":{"x":0.46931323409080508,"y":0.37854015827178957,"z":-0.23280800879001618,"w":0.7630707621574402},"size":24.174678802490236,"orthographic":false}