{"cameraMode":{"drawMode":0,"name":"Shaded","section":"Shading Mode"},"sceneLighting":true,"audioPlay":false,"sceneViewState":{"showFog":true,"showMaterialUpdate":false,"showSkybox":true,"showFlares":true,"showImageEffects":true,"showParticleSystems":true,"showVisualEffectGraphs":true,"m_FxEnabled":true},"in2DMode":false,"pivot":{"x":-9.800573348999024,"y":-13.265789031982422,"z":14.695903778076172},"rotation":{"x":0.41795533895492556,"y":-0.027247192338109018,"z":0.012543060816824437,"w":0.9079782962799072},"size":31.50994300842285,"orthographic":false}