{"cameraMode":{"drawMode":0,"name":"Shaded","section":"Shading Mode"},"sceneLighting":true,"audioPlay":false,"sceneViewState":{"showFog":true,"showMaterialUpdate":false,"showSkybox":true,"showFlares":true,"showImageEffects":true,"showParticleSystems":true,"showVisualEffectGraphs":true,"m_FxEnabled":true},"in2DMode":false,"pivot":{"x":0.32242918014526369,"y":0.04066133499145508,"z":-2.1152496337890627},"rotation":{"x":-0.350735068321228,"y":-0.41669854521751406,"z":0.17833484709262849,"w":-0.8194948434829712},"size":10.190823554992676,"orthographic":false}