{"cameraMode":{"drawMode":0,"name":"Shaded","section":"Shading Mode"},"sceneLighting":true,"audioPlay":false,"sceneViewState":{"showFog":true,"showMaterialUpdate":false,"showSkybox":true,"showFlares":true,"showImageEffects":true,"showParticleSystems":true,"showVisualEffectGraphs":true,"m_FxEnabled":true},"in2DMode":false,"pivot":{"x":-1.7485389709472657,"y":5.465289115905762,"z":14.312087059020996},"rotation":{"x":0.33750444650650027,"y":0.36150267720222475,"z":-0.14229810237884522,"w":0.8574245572090149},"size":5.328619956970215,"orthographic":true}