{"cameraMode":{"drawMode":0,"name":"Shaded","section":"Shading Mode"},"sceneLighting":true,"audioPlay":false,"sceneViewState":{"showFog":true,"showMaterialUpdate":false,"showSkybox":true,"showFlares":true,"showImageEffects":true,"showParticleSystems":true,"showVisualEffectGraphs":true,"m_FxEnabled":true},"in2DMode":false,"pivot":{"x":2.5685861110687258,"y":0.9606318473815918,"z":1.5776703357696534},"rotation":{"x":0.25129881501197817,"y":0.052237220108509067,"z":-0.013584230095148087,"w":0.9664168357849121},"size":2.8412797451019289,"orthographic":true}