{"cameraMode":{"drawMode":0,"name":"Shaded","section":"Shading Mode"},"sceneLighting":true,"audioPlay":false,"sceneViewState":{"showFog":true,"showMaterialUpdate":false,"showSkybox":true,"showFlares":true,"showImageEffects":true,"showParticleSystems":true,"showVisualEffectGraphs":true,"m_FxEnabled":true},"in2DMode":false,"pivot":{"x":16.543718338012697,"y":-37.43679428100586,"z":21.991180419921876},"rotation":{"x":0.43125683069229128,"y":0.43515563011169436,"z":-0.25030240416526797,"w":0.7497167587280273},"size":38.21822738647461,"orthographic":false}