{"cameraMode":{"drawMode":0,"name":"Shaded","section":"Shading Mode"},"sceneLighting":false,"audioPlay":false,"sceneViewState":{"showFog":true,"showMaterialUpdate":false,"showSkybox":false,"showFlares":true,"showImageEffects":true,"showParticleSystems":true,"showVisualEffectGraphs":true,"m_FxEnabled":true},"in2DMode":false,"pivot":{"x":0.08177748322486878,"y":0.7194921970367432,"z":2.020636796951294},"rotation":{"x":-0.050367970019578937,"y":0.02155948244035244,"z":-0.001132844714447856,"w":-0.9985721111297607},"size":2.8418095111846926,"orthographic":false}